seg_id,time_to_failure
seg_00030f,2.8082178014820003
seg_0012b5,7.11525820816
seg_00184e,7.0700982547199995
seg_003339,7.7162769747599995
seg_0042cc,7.8114186984
seg_004314,1.263698085868
seg_004cd2,9.48349758246
seg_004ee5,4.48249907886
seg_004f1f,4.08803735276
seg_00648a,2.624897973668
seg_006e4a,4.27341823156
seg_007a37,4.9213370542999995
seg_00a37e,4.390657933939999
seg_00be11,3.560376804664
seg_00c35b,7.563717816845999
seg_00cc91,6.04727614894
seg_00e5f7,4.55353871956
seg_00f3b9,4.322778680640001
seg_010eab,9.17335762444
seg_0125d9,4.135737141238001
seg_0144cb,5.8952378042
seg_0165c6,8.07229837658
seg_016913,5.563797493139999
seg_016cdb,6.06965728392
seg_017314,5.294398143981999
seg_01a8dc,5.8830169476
seg_01c775,6.69317753398
seg_01ecb0,4.611118663040001
seg_02042f,2.23989680842
seg_025e78,5.4429767954
seg_032822,5.50507776938
seg_0339ca,6.993997749580001
seg_037461,4.3486974006659995
seg_038879,6.88021744972
seg_03d386,2.859177860166
seg_03d63e,5.36099826028
seg_03d680,9.035837458946599
seg_03f380,4.611118663040001
seg_0445d7,4.97865766182
seg_046c28,2.35331759276
seg_0488a1,6.79445760108
seg_049957,6.811677753382599
seg_04a696,8.771537897960002
seg_04ae38,4.07821735806
seg_04b87a,8.856197602699998
seg_04cceb,8.20065826912
seg_04ee93,8.43987889734
seg_04fd93,5.51189793648
seg_0536c9,2.9454576943400004
seg_055127,8.8371184981
seg_05a1b0,2.9338976100200003
seg_05a4ad,7.155878223099999
seg_05b66a,7.9396784098426
seg_05bef4,2.8925983784860003
seg_05e0d7,4.2245367942200005
seg_05f126,7.5732177848400015
seg_05f9d6,6.3035374844800005
seg_060ce4,3.4158190497580003
seg_061a33,6.47017871454
seg_0620e6,7.790998510419999
seg_063865,7.070776594340001
seg_065588,4.81275747676
seg_06893f,2.994017577722
seg_06b8c9,6.646138150499999
seg_06bbc5,5.418938081278
seg_06d4a2,4.7682573632
seg_06d7ba,3.07007713542
seg_070bb0,1.9827982345019997
seg_071067,2.6438167306900002
seg_073696,8.98621731116
seg_075340,6.05901830064
seg_075f77,2.754157261898
seg_0775a7,4.391016291643999
seg_077b7e,4.414698253559999
seg_079e34,4.098756799486
seg_07c815,4.46301884256
seg_07cd72,5.092238720999999
seg_07f37c,4.35991838368
seg_07f8df,6.36729637788
seg_07fc6d,6.17971830952
seg_086a61,10.18665854606
seg_0870ab,5.887398130539999
seg_0879a8,6.8333976961200005
seg_08b136,7.4836173202400005
seg_08f441,4.41469825356
seg_08fd5b,4.71543809938
seg_091c9d,10.239177715599999
seg_093a0a,5.78589791328
seg_0968f1,6.68347852654
seg_0981f3,3.1689385356799997
seg_09dd59,8.681997927599998
seg_09ed4e,10.32375746788
seg_09f0ff,5.4157176724400005
seg_0a0fbb,6.6714575914626
seg_0a1bd0,6.45963790478
seg_0a42ba,9.80695803574
seg_0a45a1,4.207457365162
seg_0a97c4,5.91727667034
seg_0aa0fb,8.50271673968
seg_0b07c7,5.15803721256
seg_0b082e,7.854417123239999
seg_0b32f7,1.430797621964
seg_0b3b94,5.45619801776
seg_0b48c4,4.404176707266
seg_0b4b24,4.494298377920001
seg_0b54ac,3.519657935168
seg_0b76f5,10.34999710744
seg_0b9ad8,7.543958085920001
seg_0b9ba3,9.119757522579999
seg_0ba210,8.408238010548
seg_0ba585,5.3908169602400005
seg_0bb5fd,4.219877843406001
seg_0bc877,3.373517379972
seg_0be6ee,2.437077697058
seg_0c12cc,9.736736816979999
seg_0c1d3a,4.86931801664
seg_0c247b,6.03837827978
seg_0c3943,4.86703709508
seg_0c4e31,1.7054574415400001
seg_0c74cf,2.8043174833660003
seg_0c8502,7.35561734808
seg_0c89ce,4.77627682162
seg_0c9aa8,12.65929721468
seg_0cb81b,3.498037853062
seg_0cca14,4.250737047065999
seg_0cdcc8,1.34649751715
seg_0cf651,2.0615171890679997
seg_0d0250,1.9435971223659998
seg_0d04b9,4.21567748426
seg_0d13a7,4.07035773696
seg_0d434c,7.85441712324
seg_0d540e,3.9680160998219995
seg_0d663a,7.28241871624
seg_0d6d68,4.979257135119999
seg_0d762e,8.3952374122
seg_0d833c,7.972638202800001
seg_0dae4b,4.344597249006
seg_0dc38f,1.001597947842
seg_0dcc40,5.93985753718
seg_0df469,4.41469825356
seg_0df75c,7.85441712324
seg_0dfe8c,3.869537172004
seg_0e1370,2.102756494156
seg_0e1fbe,5.6727781197
seg_0e3739,3.8905182297400005
seg_0e3d44,1.8824978717719998
seg_0e3ed2,1.69797769033
seg_0e4833,11.42009760912
seg_0e7cc5,8.38039791092
seg_0e8b79,10.24435735658
seg_0e9987,5.23463838232
seg_0e9bb3,6.56275717048
seg_0eb333,2.25645804854
seg_0ebfd9,6.980558117539999
seg_0f565c,5.318637663706001
seg_0f74a3,6.0218577681
seg_0f8961,7.854417123239999
seg_0fc67a,8.812837479419999
seg_0fca83,4.749356806004
seg_0fd3ff,3.8174178984060005
seg_1010ad,9.58309858302
seg_103b32,5.7897387761
seg_105cd9,4.117478106042
seg_1084af,5.2041374324800005
seg_10a595,4.670637382400001
seg_10c09d,11.990457836480001
seg_10f3a6,5.828737598959999
seg_112b81,8.524738093659998
seg_1144bc,11.503817365260002
seg_114b79,4.91691789706
seg_115617,2.1996776386460004
seg_115a92,4.66345769832
seg_11647f,4.110117769823999
seg_117278,5.0103383055999995
seg_117ff4,3.7178779932659998
seg_11860f,5.02549719258
seg_1201e8,5.408037112760001
seg_121446,6.47431830852
seg_121cba,4.3957770787
seg_122ba9,4.227637705066
seg_123dd4,6.934697763
seg_12ac20,8.735337005447999
seg_12b9ba,5.85133836404
seg_12ee6e,5.8359368806
seg_130e17,3.006778380774
seg_13468a,5.97057645974
seg_136285,5.6581174588000005
seg_136695,7.8396780864066
seg_137f8a,10.6905578782
seg_138807,4.41311694534
seg_13c2f0,7.00129799554
seg_13e25f,10.00253765744
seg_140bc5,3.1654576022680003
seg_141f34,9.6704779243
seg_146926,10.11281870688
seg_148698,7.087977865159999
seg_14ad27,2.312578142674
seg_14c054,10.757458696
seg_14c371,9.84803708436
seg_14c435,6.0549367086200006
seg_14c89d,4.952758361899999
seg_14c8ce,6.8643768435600006
seg_14d1d3,4.8868576588399995
seg_14f5f0,6.669737657179999
seg_151368,5.3077777566466
seg_151d92,3.242558155844
seg_153d6a,10.088576976479999
seg_154361,7.450498591820001
seg_1562cb,7.85441712324
seg_158691,3.6321369269399995
seg_158764,5.7346971778
seg_15adff,4.227637705066
seg_15bf25,6.715657567060001
seg_15c9f9,1.313337526548
seg_161aeb,7.560658008220001
seg_161f5f,4.48465830866
seg_162fc4,7.896318888820001
seg_16566c,5.416097940157999
seg_166f70,7.581617358860001
seg_168d1c,6.669737657179999
seg_16a270,6.928558566343999
seg_16c3a7,5.575516498659999
seg_17067e,3.76207706592
seg_170684,8.698358001348002
seg_170a0c,11.082978029800001
seg_176542,7.071417052299999
seg_17799c,6.669737657179999
seg_179d90,8.197398036648
seg_17adc0,4.03857857072
seg_17d1ff,4.9930781533
seg_17e596,7.262577918299999
seg_180481,4.87567735804
seg_18096a,8.53771745438
seg_1815fe,12.90723767204
seg_1827c5,11.340697497739999
seg_184222,4.70473817046
seg_185ad6,8.91095793114
seg_18d1d0,3.932217310443999
seg_18d307,1.671556874662
seg_18f633,1.578017697476
seg_18f853,4.83923745352
seg_18fb65,2.286138142786
seg_193404,9.9517782819
seg_19515c,4.720497487579999
seg_195eda,8.02461844806
seg_1969c8,9.190459039459999
seg_19b08e,4.86051855106
seg_19b9dd,5.25929727944
seg_19e1ff,8.07297780424
seg_19ec5c,10.539298133459999
seg_1a0e94,11.445657833519999
seg_1a0eca,5.96137661608
seg_1a671a,5.193337909959999
seg_1a791c,4.72795894838
seg_1a8e06,2.806316987342
seg_1a8f0d,5.04213781118
seg_1a8f2c,7.293277376240001
seg_1abcaf,1.386517852298
seg_1ac9e2,5.025878523840001
seg_1ae362,6.4594969637399995
seg_1afa29,2.6765771014499995
seg_1b08a4,6.009217817680001
seg_1b1ad8,4.7377372821599995
seg_1b2298,6.553658394760001
seg_1b78af,5.6806577782600005
seg_1baf33,4.4302384718
seg_1bd38e,8.53377716644
seg_1bf7b3,2.964856833432
seg_1c401b,7.698637633820001
seg_1c4c5b,4.80403707356
seg_1c4e72,5.18037781514
seg_1c849d,4.6057789510000005
seg_1c904f,5.141597419002
seg_1c929e,5.205158040060001
seg_1cb942,7.893357218279999
seg_1cd352,5.73483728684
seg_1cf1b5,5.25205763372
seg_1d044c,2.9395580634060003
seg_1d11e5,5.25205763372
seg_1d596d,5.6806577782600005
seg_1d980f,3.530278107526
seg_1da819,4.4800580306599995
seg_1db443,5.5397776035
seg_1db8e8,8.93501794722
seg_1dec9c,8.337437581059998
seg_1e0523,4.188816869066
seg_1e0b82,7.293277376240001
seg_1e572b,10.53841747248
seg_1e617a,4.611118663040001
seg_1e61d6,3.760777453
seg_1e677e,4.71261782902
seg_1eae76,5.1818372691
seg_1ebe6b,6.03093766898
seg_1ece48,3.704818243042
seg_1eeb8f,3.514877422022
seg_1ef708,0.97309835992
seg_1f1e60,10.128857893620001
seg_1f3d44,6.111596333780001
seg_1f3ede,4.533238473180001
seg_1f5240,3.5053775149459994
seg_1f7cf8,5.8288170775240005
seg_1f9aed,4.75861794012
seg_1fa983,2.4756573913619997
seg_1fc7ab,5.438477536620001
seg_1fe311,6.786597942520001
seg_2005a7,6.750257270500001
seg_2018c8,11.379637592920002
seg_204dc6,4.844077590312
seg_208ba5,5.28519831928
seg_2099f4,5.00991739208
seg_20a990,3.7042775294399997
seg_20b8d0,5.065977470199999
seg_20cbac,5.68065777826
seg_20cc25,3.94683825048
seg_20d9de,12.458737885360001
seg_20e9ad,4.352257808899999
seg_210388,6.16925741674
seg_211299,5.64895732894
seg_211486,9.9885977313
seg_214492,4.611118663040001
seg_217eed,3.636216768144
seg_218049,2.6909778761600003
seg_21eebb,4.702957763585999
seg_21faa9,10.759618849548001
seg_222c5f,3.001718424318
seg_225320,10.6873774798
seg_226e60,9.575796904219999
seg_229eda,6.264378290560001
seg_22e509,3.242677194006
seg_2313d1,5.3440178540800005
seg_232559,8.720978391340001
seg_23323e,3.3714582897200005
seg_2367fb,9.31583723202
seg_238242,7.817258203486
seg_2383c2,6.53229820152
seg_2396a2,3.57899710926
seg_23b123,13.10891703254
seg_23bdf9,8.894917444819999
seg_23c947,0.6692578408719999
seg_23efb0,3.99887763578
seg_23f823,3.5118176958
seg_23fe27,8.2998183079
seg_241266,4.6968785119000005
seg_24157a,3.3325983428779997
seg_24458d,2.804178537042
seg_2465ce,6.73709791636
seg_247262,3.95551812732
seg_24ba8d,6.67379695346
seg_24c078,6.58739767688
seg_24c1c9,4.01769788274
seg_24e071,2.8016771088679997
seg_24f338,2.201378168162
seg_257b8a,6.81531800178
seg_2597af,5.041617840960001
seg_259c63,4.92457845696
seg_259d65,5.1933379099599986
seg_259dd3,10.01473804408
seg_25aa9f,7.42583697848
seg_25ab3f,4.1637783945199995
seg_25b38a,8.36757691176
seg_25c8dc,5.83599724468
seg_25cca7,6.934697763
seg_25e76d,4.0823986741
seg_26049e,7.4882374697800005
seg_263deb,4.5545370715399995
seg_263fb3,2.9151170703440004
seg_2642d0,4.78219759086
seg_2642d4,6.5988975836799995
seg_264c7d,6.70867775222
seg_266805,5.75913777818
seg_266c6e,3.04885741934
seg_266d4e,5.15787806014
seg_268249,6.21201814528
seg_268625,5.6806577782600005
seg_268956,5.6806577782600005
seg_26a2a0,0.293677642358
seg_26cba3,4.70473817046
seg_26edaa,9.045978471839998
seg_2700bd,6.4402575078
seg_272a47,1.0234776976320001
seg_274a1a,9.08989815222
seg_2774c4,7.893357218279999
seg_279725,9.795838310768001
seg_27a282,4.65899755542
seg_27b7c8,9.4967169615
seg_27db4d,8.04889751542
seg_27de37,7.012797801699999
seg_27f532,8.08937851558
seg_27ff17,4.98349792704
seg_280863,3.9735976958199997
seg_280e3b,3.3920382579199995
seg_284223,7.231396332940001
seg_284923,10.44235732622
seg_287e60,3.2378379732419993
seg_287fef,3.604116490554
seg_288001,4.704758170460001
seg_2883ec,7.4789788711
seg_289d99,1.457119293438
seg_28fc32,5.77343817396
seg_29022f,4.3381980557999995
seg_2916e3,10.568878249319999
seg_293dbf,2.73137765372
seg_293dc2,3.7206974666460004
seg_29475f,3.817118959684
seg_295b1c,10.37977770232
seg_2977cd,4.71263782924
seg_29a073,4.212576965219999
seg_29acb7,5.351677766320001
seg_29c772,3.4423580104400004
seg_29c906,4.696898511900001
seg_29d497,5.51731766246
seg_29d4c6,8.33743758106
seg_29e799,5.946157579099999
seg_2a0ace,9.83881786142
seg_2a0afc,6.556998634360001
seg_2a0dc0,10.37577675422
seg_2a2f1e,5.8958171083
seg_2a4551,5.97347756652
seg_2a6343,10.79075743788
seg_2a8351,3.007738489044
seg_2aa101,2.4677977764640002
seg_2abd33,3.7809781294400002
seg_2b2cb3,6.99449825874
seg_2b372b,3.32451753398
seg_2b4959,5.4997775870200005
seg_2b6d52,11.00105784626
seg_2ba79a,1.955938532474
seg_2bcbde,9.087477608879999
seg_2be983,11.330858533719999
seg_2bf5be,8.697557115399999
seg_2bf9dd,9.841577402422
seg_2c3203,2.700577126364
seg_2c5e9f,4.64457689316
seg_2c6011,4.7779769521399995
seg_2c69e4,6.864458132599999
seg_2c762c,7.8555778425
seg_2cac57,7.85441712324
seg_2cadc0,5.8621964462000005
seg_2cdbe3,5.09589718982
seg_2d3828,7.215977846320001
seg_2d402d,1.7422378088359998
seg_2d427f,2.373258914246
seg_2d5544,4.4319584063
seg_2d7cc4,5.21651868788
seg_2d92f0,8.649837389284599
seg_2db7dc,5.85075711946
seg_2dc6ff,3.013738084692
seg_2dccec,4.09945741978
seg_2dcd3a,2.92831865152
seg_2dcd84,5.603997397826601
seg_2dfb91,3.782377898539999
seg_2e2372,7.8736986074600015
seg_2e50fb,5.55955808266
seg_2e64af,5.367197984560001
seg_2e71dd,1.637857647238
seg_2e88dd,7.8035390398
seg_2e917f,5.519677122219999
seg_2e9a47,6.05715708708
seg_2ea616,4.639917408968
seg_2eccb9,3.2996580645080003
seg_2ece02,4.611118663040001
seg_2ed79b,4.29771841296
seg_2eddf6,7.5656183097266005
seg_2ee95c,10.450097397959999
seg_2efd5c,6.99915773324
seg_2f1664,6.365877456320001
seg_2f4f14,3.4201183981079994
seg_2f5695,5.64189678188
seg_2f60db,8.874357606322999
seg_2f86cd,2.8628976376999997
seg_2f8e19,5.4351383318540005
seg_2f8f6d,8.735337005447999
seg_2f9336,4.69733681032
seg_2f9581,6.28073762052
seg_2fb672,10.56145739874
seg_2fe382,4.6119375722
seg_301c1e,8.652118464279997
seg_30207d,9.77835703804
seg_304581,4.70477817068
seg_304b87,2.86495668608
seg_304df5,8.14371776798
seg_30501b,6.1332577994026
seg_3065ba,4.41469825356
seg_30661b,4.431958406300001
seg_306756,6.3974391836066
seg_30ad2a,0.768537754112
seg_30b043,3.16613750722
seg_30da11,4.41469825356
seg_30fd84,13.709657768400001
seg_310230,5.356738158760001
seg_31064b,1.374197173456
seg_311499,2.2366576189680005
seg_311b5e,3.8466190738800004
seg_3128e6,4.80605823756
seg_3151ff,4.82389746592
seg_31631c,8.77403764618
seg_316f86,2.863857657952
seg_318135,1.3978975064299999
seg_31a51f,5.006636352144
seg_31a6cd,3.8697971609260002
seg_31b808,7.798878168979999
seg_31c0f4,10.72507743724
seg_31d763,4.207138393319999
seg_31d7bf,3.208718332984
seg_31d810,8.47899723562
seg_31ddc5,6.561538053320001
seg_3234ca,5.64169768322
seg_324447,6.81531800178
seg_324537,5.6550971975060005
seg_325790,5.5596973417
seg_326eb7,5.02587852384
seg_327ed4,3.486536926182
seg_32906d,2.341377622384
seg_32ad0f,10.1288378934
seg_32c904,9.056456540940001
seg_32d747,4.68921795222
seg_32e763,4.28533755524
seg_32f3a9,6.2015789341600005
seg_32f6df,6.543357997199999
seg_32f72d,6.06085767964
seg_32fc4e,11.720817780740001
seg_330579,4.254817088979999
seg_3319b5,11.17151827354
seg_331f2b,8.950777264340001
seg_3340b9,5.759138425825999
seg_335170,1.540597891964
seg_337b8c,5.1933379099599986
seg_339f80,5.80241669998
seg_33c30d,2.518196994236
seg_342ce6,7.66939905256
seg_343571,6.87231779116
seg_3452b2,5.158418126519999
seg_34a2b8,5.95925729884
seg_34a8f7,8.056197278262
seg_34abd2,2.7327586584340002
seg_34ef79,3.3831384542
seg_3506d6,5.918538406640001
seg_35269b,8.823417930080002
seg_355717,3.270958202264
seg_355d19,9.87103761584
seg_35a2d7,9.435358405859999
seg_35b009,4.39065793394
seg_35b753,8.252777973179999
seg_35ba8f,9.3940966233
seg_35c587,4.611118663040001
seg_35dd45,10.3572769941
seg_35ee83,4.41469825356
seg_36147d,4.834897555764
seg_361f5a,7.44135719672
seg_3631ec,5.6806577782600005
seg_3661de,7.2698979582
seg_369570,3.9791385007260005
seg_36b77f,10.8447575384
seg_36e32d,7.347737689520001
seg_3706be,7.192698165626001
seg_373a04,9.18795771138
seg_373ba6,6.319876814440001
seg_37608b,5.46283798222
seg_3761d0,4.068297901939999
seg_37669c,2.784518044652
seg_376908,3.9304381900820005
seg_377134,7.32857807342
seg_3788c5,11.264876439560002
seg_37bf85,1.9333574487320004
seg_37f3fb,5.135137508544
seg_38001b,2.180777691352
seg_383b6b,4.868418209620001
seg_383f2e,8.95933717316
seg_3865bc,2.3974175223120002
seg_3878d0,4.46301884256
seg_389906,6.5918774671
seg_38ad16,8.2197777540826
seg_38ee24,5.288677250639999
seg_392019,3.93037739222
seg_39300d,3.2564172554339996
seg_395e0e,8.212918254887999
seg_397983,7.51357834944
seg_397dc9,8.97235804564
seg_398a25,4.88285830364
seg_39a886,5.37417790528
seg_39ad50,1.4710371622560001
seg_3a1600,6.01409758042
seg_3a22ac,6.5360962675400005
seg_3a80c5,5.79771781088
seg_3a8a76,1.8350995378040005
seg_3aca44,4.184057488362
seg_3adb1a,2.008536529762
seg_3ae4d9,2.6042981105400003
seg_3af649,4.83945718582
seg_3b2013,1.8824978717719998
seg_3b30fd,7.347737689520001
seg_3b4414,4.123877347845999
seg_3b7175,5.335918449199999
seg_3b7724,7.8152579290999995
seg_3b95d2,8.80761798928
seg_3b95dc,4.626658881280001
seg_3ba485,8.871598209587999
seg_3bb90a,5.67297721858
seg_3bc9ed,7.42005837214
seg_3bd97e,6.703137838006599
seg_3bf9ac,2.0030371212379996
seg_3bfcf6,5.753257852839999
seg_3c3ddf,3.0284976861799997
seg_3c4106,3.36483798632
seg_3c64fb,8.96917846686
seg_3c8545,2.1845379651599997
seg_3cba49,7.78047724894
seg_3cbccf,5.0398979069
seg_3ce740,6.8293377029666
seg_3cfb73,8.1750977319266
seg_3d059a,4.000116152506
seg_3d06cc,3.92725794262
seg_3d19fc,3.2233981160920004
seg_3d1cb3,5.09859814412
seg_3d1f2e,6.902617297339999
seg_3d581c,2.37397725861
seg_3d6aac,6.91459791468
seg_3d6e79,5.181417089359999
seg_3d9aa0,2.9680583852000004
seg_3db0a8,2.8077973232
seg_3e00cd,10.36829718556
seg_3e55d5,5.18567735006
seg_3e87b4,3.048138455246
seg_3ec967,5.0103383055999995
seg_3edf51,4.626658881280001
seg_3f2086,8.789978280120001
seg_3f3689,3.7198782299
seg_3f3983,7.4903377641399995
seg_3f5be6,4.57661772524
seg_3f80ef,5.23271685042
seg_3f99c8,2.29919807134
seg_3fb24b,3.7590182431019996
seg_3fc7ca,11.226497177119999
seg_3fdae0,7.740357544219998
seg_407b2b,6.75905738278
seg_40b3aa,1.8607973436240002
seg_40f810,3.9631172586660006
seg_411225,5.4157176724400005
seg_414d0f,8.39085827918
seg_4185b3,7.03913796668
seg_419531,7.893357218279999
seg_419b2a,11.04375743754
seg_41a267,8.74393867116
seg_41aadc,6.48825750006
seg_41ab7e,9.91405788056
seg_41be18,10.43025706764
seg_41be7d,5.30499855218
seg_41f45e,7.037458665519999
seg_420bcc,7.26377696662
seg_420d4e,6.1475380052199995
seg_421a96,4.55323848164
seg_421da1,10.062197701399999
seg_423ebe,5.68851743682
seg_425462,4.85155813486
seg_42648c,3.9748373155059995
seg_4280d9,9.80747829978
seg_428d66,2.65931881512
seg_42c4c9,4.50833776098
seg_42e7e8,5.34379810776
seg_42ff14,8.57245849958
seg_430e66,7.637918085859999
seg_43383f,4.327618548839999
seg_434c96,2.869018251388
seg_43597f,4.341457551952
seg_43c6f4,8.61485801572
seg_440106,6.6704580339052
seg_4401d8,6.02303716042
seg_441c6d,9.3808573299
seg_4435bd,3.38861793554
seg_447972,4.13359783832
seg_447b8b,7.936277963499999
seg_447cb3,8.5947171272
seg_44d3ca,4.06707721222
seg_455b16,5.0854774012999995
seg_456149,10.183517305859999
seg_457234,5.694957952695999
seg_45838b,5.22525788814
seg_4587bb,6.967239034680001
seg_45a8a9,3.2023777034999994
seg_45b051,2.71045748218
seg_45e062,7.893357218279999
seg_45e4ed,5.64169768322
seg_45e7ad,3.6534578406000002
seg_46012e,7.1614187967000005
seg_460436,7.3479567884
seg_461ab5,4.262076937483999
seg_461b63,5.6806577782600005
seg_462c1d,7.92667763884
seg_464839,4.58665748204
seg_468bc9,10.2769377141
seg_468fdb,2.332498406592
seg_46a42b,4.564057239306
seg_46b84d,8.63305752874
seg_46c6d3,7.861837951166601
seg_46dd7c,4.354058216
seg_4729a7,4.065237286026
seg_4743ab,8.27327915568
seg_4743fa,12.214377755320001
seg_476700,3.398218490606
seg_476bdb,3.6953163090400003
seg_477c83,5.491538433240001
seg_478327,5.20483696616
seg_47a48f,7.8152579290999995
seg_47d374,4.821698377608
seg_47fed6,9.01203859512
seg_482745,5.95281838024
seg_4848e3,6.038598148199999
seg_484901,6.2264564059
seg_486973,4.11689730394
seg_48a4b3,5.77343817396
seg_48a80c,2.77075855694
seg_48b545,8.99457761956
seg_48feba,4.730437791606
seg_490092,9.0875767082
seg_490d6e,7.57781795824
seg_492dc6,5.778298244726
seg_49322d,6.399316645640001
seg_49336f,5.6806577782600005
seg_495573,10.813557423919999
seg_496d07,5.314898043022
seg_496dad,1.9171371453839998
seg_49b0cb,9.80789755332
seg_49d84b,6.30875796794
seg_49fdf0,7.5086585574066
seg_4a2525,7.222578914846599
seg_4a6096,3.4073175415760004
seg_4a719c,3.939217686501999
seg_4a91a9,5.30675704588
seg_4a9e6b,6.91193798032
seg_4a9e8d,6.755057557500001
seg_4ab7bf,11.865756939539999
seg_4abc29,5.1737773799
seg_4acc4b,4.3523576485260005
seg_4ad5a2,5.438477536620001
seg_4ad674,5.44509817486
seg_4adeda,10.40141855948
seg_4ae37c,7.672916488839999
seg_4ae712,10.34635811816
seg_4b0839,1.0368783041279999
seg_4b4c91,6.34319860244
seg_4b4ffb,4.862238485120001
seg_4b8044,7.312398619819999
seg_4b953a,4.75285779504
seg_4ba3d1,8.80263744364
seg_4c067a,4.40655715754
seg_4c12b2,2.6918177333060003
seg_4c18e2,5.1402368300740005
seg_4c3a2b,7.653078092706602
seg_4c4995,6.2743966528
seg_4c65e6,8.70239830322
seg_4c8db6,7.70499841696
seg_4ca6de,8.093117510499999
seg_4cb0d7,5.1040977195
seg_4cb9c6,5.1933379099599986
seg_4ce234,7.10629739618
seg_4d0008,6.020917863739999
seg_4d0041,10.25085771144
seg_4d0c45,5.22355795386
seg_4d18f4,2.377317360084
seg_4d2671,6.91231858804
seg_4d53c2,10.205318936960001
seg_4d5a4a,4.72217742208
seg_4d7c56,5.49359786274
seg_4d8f0f,5.4307379871
seg_4db886,8.197398036648
seg_4db997,2.0461575443299997
seg_4dbbd1,6.3426766784
seg_4ddddc,9.0294373744
seg_4dfa03,3.027378180702
seg_4e0c4a,9.501117860219999
seg_4e2c66,1.193978045934
seg_4e3bd7,2.879178544854
seg_4e627b,5.05221672226
seg_4e9646,7.203337801320001
seg_4ea3fa,7.1917778412
seg_4ea81c,0.916376802994
seg_4eb127,3.1889175741839995
seg_4eeaef,2.28837836936
seg_4eef28,7.02261817886
seg_4f48b4,1.5834184827239999
seg_4f5931,11.08785736902
seg_4f76a2,5.07239747318
seg_4f83a3,7.684198247840001
seg_4fa87d,8.93515753958
seg_4fce5b,3.45439832824
seg_4fd191,3.9239766028659995
seg_500108,3.83523759706
seg_5009d9,1.9775773061480002
seg_500c80,6.1009373505
seg_502fab,10.319917169499998
seg_507065,4.11309773882
seg_5090fa,6.84551811994
seg_509d55,4.611118663040001
seg_50a667,3.6658781480019997
seg_50b048,7.840097375099999
seg_50e270,7.908757511759999
seg_511d25,10.0149978888
seg_512b3e,9.55319716234
seg_514543,3.61261745484
seg_5147e1,5.23463838232
seg_514b85,7.18409765058
seg_5165a4,8.89157806192
seg_517345,3.9666585847000007
seg_517425,3.30455770984
seg_51865e,3.3916984543659994
seg_518b1e,3.468198059902
seg_51b68c,10.15245686942
seg_51f0a2,3.347978616066
seg_51f6fd,5.35551701248
seg_521a88,6.359278088278
seg_523945,2.55797718026
seg_524b39,5.21615761832
seg_5254ce,9.521097492080001
seg_5255c0,8.043198584179999
seg_52636c,1.4673383698599998
seg_529be4,4.414698253559999
seg_529c99,4.676497463866
seg_52c139,9.76057757304
seg_530a02,7.877817000039999
seg_53103b,2.2816575284839997
seg_5311d1,2.2495184252839997
seg_533613,9.68069798466
seg_53498a,3.1414568611180003
seg_53a557,5.41461754822
seg_53a5fd,6.20731786794
seg_53bdf5,11.830477409379998
seg_53caf1,8.189058014279999
seg_53d818,4.626658881280001
seg_53e645,4.2594975883399995
seg_53fa13,5.25205763372
seg_5407b0,5.108416969605999
seg_5445bc,6.319876814440001
seg_54490e,9.29297866
seg_545fda,9.693037243080001
seg_5467c8,6.190076942986599
seg_546864,7.893357218279999
seg_5470ca,5.24249804088
seg_5495ca,2.7887772651260003
seg_54af0d,2.668417856506
seg_54b0ee,7.246017171060001
seg_54d0f3,3.2207568662999995
seg_55239a,2.23189789104
seg_552b8e,9.97477745436
seg_5559d9,2.66245691588
seg_555f63,2.558177665134
seg_5597ed,6.280737620519999
seg_55a0c3,3.6287778932799997
seg_55a9a4,6.474818082880001
seg_55b566,4.58113705972
seg_55d50b,4.494897592966
seg_561cf4,3.312238580642
seg_563059,6.5918774671
seg_5639b3,4.414698253559999
seg_566efe,9.81577721188
seg_56e3e7,9.73767792288
seg_56e6f1,4.09945741978
seg_56ebc7,4.387658143152
seg_570a20,5.62507767066
seg_570d69,7.85441712324
seg_572172,9.80767792334
seg_5759c9,8.01501822154
seg_5765b6,7.07257754792
seg_578e84,11.747616785400002
seg_57908c,4.850976458819999
seg_57b6c0,3.9344370187
seg_57dd68,12.067698098700001
seg_57ea44,3.0161181985040004
seg_580b65,6.51885897228
seg_581fac,2.350177395364
seg_585872,8.57419799386
seg_586726,3.3665378909379995
seg_586c0f,4.9558579925399995
seg_5887a8,6.7046377593666
seg_588f61,1.076137937318
seg_58d52d,5.952397351636
seg_58e74b,1.9183179712979999
seg_58e9f9,12.7732973743
seg_58ea74,8.245278024209998
seg_59058a,1.1467972378659999
seg_590fa5,5.46275885764
seg_591954,5.021597630169199
seg_5924f5,3.341278187786
seg_592807,6.4437576464
seg_593c34,5.67297721858
seg_5965d8,3.697517472839999
seg_596ae3,7.023718517960001
seg_5975f4,2.381476608206
seg_597bd6,6.875397742440001
seg_59818b,6.0066377152
seg_59cd7d,4.180738111406001
seg_59cfdb,9.972217971322598
seg_59d484,5.37155730152
seg_59de0b,2.040357121846
seg_59e1db,9.28497761848
seg_59eb97,4.66637805302
seg_5a0479,8.27377751222
seg_5a1adb,3.9770778531999995
seg_5a242e,7.61799777658
seg_5a67b5,10.36001743688
seg_5a947e,5.59509702828
seg_5abfdd,4.58771878668
seg_5ad847,4.47701759264
seg_5b392b,4.114377827744001
seg_5b7325,2.3649785301639996
seg_5b8c39,3.9770972938200004
seg_5bc0b0,7.50923839508
seg_5bd9ae,3.3049980340399996
seg_5bdb47,4.169998980178
seg_5bfbf0,2.213057534622
seg_5c0929,3.140857804354
seg_5c1a4d,4.323677105993999
seg_5c530f,5.517537709320001
seg_5c57a8,2.345538067394
seg_5c8ae5,5.78367646596
seg_5c9077,6.81715889214
seg_5cd98b,4.82733683592
seg_5cde88,1.192797434222
seg_5cfba9,9.141817162200002
seg_5cfdc4,6.30461762352
seg_5d333e,6.9315785776
seg_5d45db,8.1289375711
seg_5d92af,7.630558323140001
seg_5d94b2,4.1530777724
seg_5e020f,4.549896652786
seg_5e0902,3.081977505908
seg_5e1bba,6.597118249140001
seg_5e541f,1.330757233042
seg_5e635a,4.222397039124
seg_5e668a,9.78601759764
seg_5e70a7,8.2103976981
seg_5e7abf,4.704758170460001
seg_5e8ef4,7.10445831396
seg_5eb380,4.3701171385
seg_5ec0e3,9.13049741282
seg_5ed47e,11.257577613519999
seg_5ef47e,7.366317728459999
seg_5f0a92,4.836696595659999
seg_5f24d3,8.48997774024
seg_5f352e,2.16871697602
seg_5f355e,8.097797294580001
seg_5f46a5,9.33003821594
seg_5f7fd9,4.72009928982
seg_5fe414,4.446596965786
seg_60277f,4.0742171363
seg_6074f9,5.788717709599998
seg_607559,8.67493810158
seg_60ab20,7.854417123239999
seg_60b696,5.47637771022
seg_60dacd,9.67551704992
seg_60df2a,6.968097155600001
seg_610379,4.7436982655
seg_61219c,4.71263782924
seg_613702,4.16511740156
seg_614b50,1.412877461184
seg_6153ca,10.72081786274
seg_6167f0,5.00481705802
seg_616c8b,8.961937925295
seg_61b50d,5.2322780049999995
seg_61f504,2.33501846932
seg_620ee4,6.10573758164
seg_622e9d,2.379818354364
seg_62331a,5.4190571156
seg_6262c4,7.96615888438
seg_629822,5.39307768986
seg_62a403,11.310656755839998
seg_62c582,2.471897884462
seg_63130f,8.680476976059998
seg_633651,5.0535171311
seg_634180,4.2773372466
seg_634f05,2.0610189758539996
seg_635770,6.778937382840001
seg_63582a,7.36349700664
seg_63c13d,6.0498776549799995
seg_63c518,2.737377778526
seg_63c8e4,8.028797829457801
seg_63c983,4.628577914660001
seg_63c9a3,6.04269761186
seg_63d651,5.47805764428
seg_6422d1,8.91417827952
seg_643d1f,4.3696779159200005
seg_643f86,6.65495846164
seg_64bcb9,11.20791879618
seg_64be5d,7.34773768952
seg_64be91,8.994597656820002
seg_64daae,1.1184763857299997
seg_64dcf0,6.197157560700001
seg_64f8dc,5.74249784652
seg_650de2,5.201217568519999
seg_651808,1.8200779071659998
seg_652cc2,3.890197694946001
seg_655780,4.278077706746
seg_655ad6,11.1272583069
seg_655cae,2.45289769914
seg_658bf4,1.7732983312439998
seg_659ff8,2.9470973624519994
seg_65b962,6.40137725238
seg_65c4e1,5.913678335879999
seg_65ef95,3.9655777724119994
seg_65f01e,9.88779694394
seg_65fbac,8.457858351919999
seg_660fe1,4.322778680640001
seg_660fef,9.164158094140001
seg_661629,4.446596965786
seg_666056,5.887477970160001
seg_6681ee,1.314977256464
seg_66820a,5.4570780372200005
seg_6696d0,5.193337909959999
seg_66b7c3,4.883997787284001
seg_66e45a,5.00481705802
seg_66ed4d,3.700857350644
seg_670bde,3.6664979580660004
seg_67330f,5.74279791722
seg_673c60,3.11195882442
seg_67599b,7.31537824816
seg_679dd2,6.934697763
seg_67aa76,5.5323181249
seg_68102c,7.893357218279999
seg_683ddf,4.2905376471259995
seg_686edc,5.46189741342
seg_687a5c,2.387118585604
seg_68a484,6.804197574809999
seg_68da94,4.491438567868
seg_691a72,6.976857239559999
seg_692e7a,9.662696925519999
seg_6951e0,5.04213781118
seg_695380,1.753376753126
seg_696621,4.610217004946
seg_6968c8,4.910838006746
seg_69787a,7.836577468920001
seg_69a230,4.611118663040001
seg_69a53e,6.0541375969
seg_69dbad,4.40669773512
seg_6a05e7,5.24249804088
seg_6a116b,5.168577624039999
seg_6a26de,3.7411969231599995
seg_6a45a0,4.5583382842599995
seg_6a4ad1,9.229357319380002
seg_6ab188,5.969937439202001
seg_6ac67a,4.7804372422600006
seg_6ac82a,3.1225980669199997
seg_6ae32d,4.101937887579999
seg_6b0107,7.15239724664
seg_6b2ce0,8.162118311819999
seg_6b3a9d,4.3347969614199995
seg_6b4e04,7.6396578326240006
seg_6b536d,5.720037351708
seg_6b9511,6.383337656006
seg_6b9d02,5.618897616266
seg_6be48e,5.4157176724400005
seg_6c292b,5.3344774486399995
seg_6c309f,3.927058003106
seg_6c34c2,2.8073583102659994
seg_6c8a45,4.798198578999999
seg_6c909f,4.48833775274
seg_6cfb76,4.49429837814
seg_6d01a3,6.91891844588
seg_6d35cd,2.3411979552199997
seg_6d36a1,9.78601759764
seg_6d4109,6.467157523420001
seg_6d4fa6,4.948396868066
seg_6d6fad,2.9042381787
seg_6da1ff,6.113658346459999
seg_6dac5d,10.738638926780002
seg_6dd0fc,5.478057644280001
seg_6de4fd,10.07317729312
seg_6de935,10.11149787164
seg_6df48e,6.82573713644
seg_6dfab7,3.3080381419539995
seg_6e12ae,6.14527748662
seg_6e12ee,1.2694378903280001
seg_6e1ee7,6.06941699216
seg_6e572a,4.812797138485999
seg_6e5a38,4.109817546362
seg_6e7f73,9.392798060139999
seg_6e98aa,4.909058238720001
seg_6eb146,7.893357218279999
seg_6ed49a,6.13273880968
seg_6edcb8,4.99439717384
seg_6eedcc,8.571398687160002
seg_6f17de,3.541178203882
seg_6f2222,5.1048175473
seg_6f3d90,5.01777705064
seg_6f60b2,3.865838009542
seg_6f650f,7.581617358860001
seg_6f9a98,8.156317569819999
seg_6fb17f,4.246317796622
seg_6fc3ef,7.286137716339999
seg_6fc8b3,5.75025739604
seg_6fd5bb,8.736097906320001
seg_7012af,9.66253863364
seg_7020c5,8.880316928
seg_702e03,3.007897490926
seg_703cea,6.77891738284
seg_705463,3.90161797996
seg_708349,10.80205778358
seg_70991d,4.017437387986
seg_709b6a,11.67327713836
seg_709d08,7.52435858676
seg_70a60e,5.80621727928
seg_70b375,7.5330173949
seg_70be4d,9.611858443680001
seg_70e891,4.834777553345999
seg_70edf5,7.1282972318999995
seg_70fb30,11.91705817722
seg_7120ac,4.16303743926
seg_71238c,7.18409765058
seg_71348a,1.9472583186499999
seg_715e2c,6.404178638420001
seg_715ff6,7.044578511360001
seg_7189ca,7.3868585411
seg_718b53,3.64765694468
seg_71936f,3.698177659214
seg_71b4e0,2.736876530522
seg_71b975,3.78649785934
seg_71c9e9,4.728596892686
seg_71f571,3.0909784855
seg_7211f1,8.87831726268
seg_724df9,0.28891818097599997
seg_725772,8.609537677499999
seg_725e84,3.32529691268
seg_727fc7,3.917778319388
seg_72858d,4.032217579744
seg_72859b,5.65319758986
seg_72aba8,4.0993576135200005
seg_72b68c,9.80789755332
seg_72c307,7.65085770876
seg_72ebda,6.926576922619999
seg_72f40a,6.816138119974001
seg_730ebe,5.5950970282800006
seg_734a88,6.6855169743000005
seg_73565e,3.0889583501
seg_735cdd,4.0677984898399995
seg_73858d,10.59785805448
seg_738be6,1.7907376249600002
seg_739643,8.40091842416
seg_739679,2.0471773996739997
seg_739856,7.85441712324
seg_739fb0,3.740038250162
seg_73ab4a,5.252057633719999
seg_73b0f7,9.36059821924
seg_740837,2.817557445694
seg_741fc1,8.91859799222
seg_74235f,3.8300769239399997
seg_7428e7,6.9242586283400005
seg_743775,7.55619899734
seg_74537f,5.04375715306
seg_746d1d,5.3359184492
seg_7480f4,10.3259580558
seg_74b264,5.980258568859999
seg_74b3bd,6.800758392099999
seg_74ce61,6.584236907419999
seg_74d58a,6.786597942519999
seg_74d8cc,5.3090182308
seg_74dda9,6.666277417559999
seg_74f330,4.65559803976
seg_74fcfc,10.105438016779999
seg_74ffde,7.61643740018
seg_750244,6.73293896934
seg_750c93,3.3449180680000006
seg_750d20,4.517497532478001
seg_750e7e,6.64633778038
seg_75211e,6.07679780576
seg_753190,6.67739821686
seg_753ba6,4.0864176695620005
seg_7540f3,7.130377889900001
seg_75438e,7.102338230079999
seg_755d50,5.0339372815
seg_75654d,5.1933379099599986
seg_758374,1.447338405274
seg_758ca4,4.40187751976
seg_759fb1,5.51967712222
seg_75a878,3.1706977892659998
seg_75c34b,3.6075372284400005
seg_75cd6a,4.67349863532
seg_75dc3e,4.097777925139999
seg_75e669,2.2647585070000003
seg_75e93c,4.1098172350199995
seg_75eb90,6.707576907059999
seg_75ffc9,6.4831182513000005
seg_760d70,4.85499677086
seg_76106f,10.186178225027998
seg_762188,7.85441712324
seg_762be4,2.22887803026
seg_7630c5,7.35561734808
seg_766e42,5.6806577782600005
seg_76b76f,7.581617358859999
seg_76c2fa,3.18753743762
seg_76d16c,7.33625703486
seg_76e914,4.773177393986
seg_76f1af,4.09905799334
seg_76f3f2,12.035457913759998
seg_76f76d,6.387377768959999
seg_774ad2,5.6806577782600005
seg_77bf79,3.5720576759400005
seg_77c546,1.8266984016800003
seg_77db7b,9.0898176654
seg_77dbe7,1.9643580581660003
seg_77df38,5.80545873224
seg_77e7bf,5.66085814976
seg_77ea14,5.47637771022
seg_77f9e3,3.03663820754
seg_77fe77,4.30435793086
seg_7848f8,0.292998040018
seg_7862ed,4.3156573204479995
seg_786ff6,8.79113765288
seg_78852d,9.039478150539999
seg_78addc,6.2929380335300005
seg_78d817,5.129338380199999
seg_78db0a,7.6975385009999995
seg_78ded2,1.463917420732
seg_78fc4b,8.57179694696
seg_790108,7.2258378196
seg_7949da,3.692757308242
seg_79c47a,5.0629177199679996
seg_79dc90,7.8801976712599995
seg_79e301,5.17781769172
seg_7a09ec,5.862717474600001
seg_7a521c,4.532276975025999
seg_7a5243,3.1122373034620003
seg_7a9228,5.933897013019999
seg_7a9f2b,0.297377419368
seg_7aeca4,7.3537992048600005
seg_7b0936,8.39627768362
seg_7b2994,3.5259182525199995
seg_7b3017,6.8293377029666
seg_7b5f90,7.725798196999999
seg_7bb771,3.98303699068
seg_7bec10,7.8154770282
seg_7bf143,2.938017503186
seg_7c0376,2.170237678154
seg_7c10c1,2.778777820826
seg_7c2beb,11.768057264340001
seg_7c2c48,3.8852969891040003
seg_7c6c31,8.84877817626
seg_7c88d1,3.1139971161839997
seg_7c9433,4.71241873014
seg_7cb417,3.60195844848
seg_7cbb45,6.89053759486
seg_7cd6b1,3.7009581623
seg_7cdfe5,5.80129741056
seg_7ce9cb,5.62637771174
seg_7cef95,10.49215711762
seg_7d17eb,8.1879581536592
seg_7d2535,2.07829776238
seg_7d2e57,6.54455700506
seg_7d65c7,5.6355177563866
seg_7d718e,11.403037469720001
seg_7d88e3,8.07229837658
seg_7d994f,4.246397149083999
seg_7ddc30,8.32713851268
seg_7df3dd,6.38473845248
seg_7e3b3e,4.61633740992
seg_7e9eb7,8.95811758548
seg_7eb108,7.854417123239999
seg_7ebdc3,5.81149744644
seg_7ed2dd,3.86711835272
seg_7ef97b,5.18567735006
seg_7efdd5,9.26945740024
seg_7f3ab0,4.71241873014
seg_7f5b6f,11.257577613519999
seg_7f786b,5.70349791164
seg_7f93b2,1.54101704709
seg_7f9b3a,4.406838595
seg_7fa6ec,0.291377817344
seg_7fac26,9.372518840426599
seg_7fd3a3,5.25801825912
seg_7fd6b7,7.85441712324
seg_80211c,8.181117716928
seg_804fb5,4.8541570117
seg_80622d,6.51375817814
seg_807901,5.1933379099599986
seg_80b9b4,5.6566178886200005
seg_80fb86,6.27163687384
seg_812962,4.41469825356
seg_812a50,6.36505728216
seg_813aab,2.7461982067440003
seg_814b1f,2.0995580058900005
seg_816b7a,2.287257275626
seg_818382,8.586677354379999
seg_81a8ea,7.59713757688
seg_81bebd,5.681877588126601
seg_81c1a6,11.506238449720001
seg_81c432,5.91151783492
seg_81f798,4.169597968825999
seg_8200d2,5.423577331
seg_82303e,2.2237174352479996
seg_82316b,4.72095770602
seg_8244bf,6.600556884599999
seg_82456a,2.9555985956399997
seg_826208,6.5268174853600005
seg_827804,5.681257588099999
seg_827a21,5.24249804088
seg_827c07,4.70475817046
seg_82c138,6.8932764945
seg_82ce27,6.64889691754
seg_82d7b6,2.4982570628680003
seg_830cff,6.58067768616
seg_8310ea,7.332217471279999
seg_8324a4,9.38477774124
seg_8328f5,5.3359184492
seg_832a4d,5.125458656880001
seg_8344ee,6.70183630426
seg_8353f5,10.36247846448
seg_836aac,5.256857839540001
seg_836ef0,2.4905783034340003
seg_83bef8,5.27525767764
seg_83cb2c,6.04727614894
seg_83dc2e,7.9791586058799995
seg_83ef67,7.35561734808
seg_83f476,7.305957105339999
seg_83f89e,8.43995908656
seg_83f928,10.78515706904
seg_8456d3,4.1991184495319995
seg_845a2a,7.581617358860001
seg_8472f3,10.0146772742708
seg_848695,3.9542181306200006
seg_84a65d,12.35915744836
seg_84b9d9,3.4550973003399994
seg_84c7fb,4.8065981228200005
seg_84fc12,9.770977470439998
seg_8509db,8.40275824918
seg_850d95,3.116617111842
seg_8515fd,4.758256985586
seg_853302,6.92493828642
seg_854d91,9.86097751982
seg_857304,5.332077236479999
seg_85762d,4.6517583383200005
seg_8599ec,4.08639766934
seg_85c1c0,4.56451800854
seg_85e90e,8.23457820858
seg_85e9c6,9.843437561460002
seg_85fb0a,3.1081376112599997
seg_864fcf,4.354058216
seg_8658b3,6.71867770538
seg_86720f,10.170897504980001
seg_8681aa,7.78141891728
seg_86892f,3.54359709224
seg_868c85,6.659338522520001
seg_86cfe9,7.6141770834866005
seg_86d847,10.387258012859999
seg_86e874,1.491417968996
seg_87232d,5.9660183067400006
seg_876904,5.882816998499999
seg_8773cf,2.3322972551039998
seg_8777bd,7.1418573942679995
seg_8785e2,5.08315751284
seg_878d2c,9.88855738626
seg_87a616,3.882336699964
seg_87a67a,5.10829710144
seg_87e4e8,1.9228178916139995
seg_87f6c8,8.87823773346
seg_8826f4,4.57367753786
seg_885f53,6.467157523419999
seg_8866f0,1.7606592112999997
seg_88a81d,5.66139811954
seg_88b289,12.2540371072
seg_890181,9.16247781842
seg_89791c,3.4980974062020005
seg_89885a,5.40633717848
seg_899bf0,4.655217886700001
seg_89b090,1.657517558388
seg_89d8a0,4.2905376471259995
seg_89e207,4.0092374083
seg_89eed6,2.66879858322
seg_89f975,1.238558087532
seg_8a3306,4.714857733520001
seg_8a41bf,2.74559739086
seg_8a6b0e,1.9888578277
seg_8a7201,4.329136870826
seg_8a8220,8.05083827264
seg_8a8375,6.7594570029
seg_8ab3a7,2.6180577768399997
seg_8ae847,4.00289731418
seg_8aeb99,11.20923801682
seg_8b39c4,11.228618236580001
seg_8b798b,7.85441712324
seg_8baeab,5.490077521140001
seg_8bc20c,2.208038853826
seg_8bde47,6.946377087046601
seg_8be2da,7.7930385094800005
seg_8be76c,1.8352786831179997
seg_8bec6f,3.44405738306
seg_8bf229,5.83911798714
seg_8c0114,3.555497752126
seg_8c1760,8.888896719840002
seg_8c1cca,5.721057417646
seg_8c1e7d,3.415537877444
seg_8c341c,7.730157515866
seg_8c6d4e,3.5173376216319996
seg_8c6e34,1.782397331242
seg_8cd159,3.2942370904400002
seg_8cdf83,4.70477817068
seg_8ce632,5.1643987517
seg_8cf573,3.70433785876
seg_8d030a,5.6727781197
seg_8d135f,8.51429746102
seg_8d3a9d,6.8428975718
seg_8d4435,3.5735975197459995
seg_8d4965,5.78767863766
seg_8d5113,4.7732578668
seg_8d6578,5.29583793436
seg_8d6a7d,5.77781769348
seg_8da61a,9.01399778234
seg_8db6f0,5.2259381534600005
seg_8dcf3c,8.25649753464
seg_8dd2ab,4.00957796975
seg_8dd3ba,5.36699888568
seg_8dfc7e,2.5126374763459998
seg_8dfd7a,2.766477431472
seg_8e5704,10.677357839679999
seg_8e6a3f,6.521637836480001
seg_8e7194,5.6465178006
seg_8e7fca,3.390657610062
seg_8ebdea,8.1361782694
seg_8f1127,1.220498034224
seg_8f25b0,11.46539744114
seg_8f3247,9.53615641814
seg_8f3dfe,4.666558241340001
seg_8f4654,4.86117668812
seg_8f4781,3.1700169514020002
seg_8f5589,6.08561712024
seg_8f592b,10.37823778098
seg_8f6284,5.1933379099599986
seg_8fb0d0,5.2202389692199995
seg_8fb29e,8.96835855198
seg_8fb828,5.4206172595892
seg_8fc754,11.705797465600002
seg_8fd465,4.354058216
seg_902074,8.373617376839999
seg_902bc1,7.62267835376
seg_903aba,10.424858435920001
seg_907c52,6.47059814118
seg_90a0be,3.131078837864
seg_90b174,2.399478410456
seg_90bf60,6.178237756945199
seg_90c258,9.61053844688
seg_90e904,2.902558192822
seg_90ec68,8.6914778127252
seg_90ef18,12.811157470040001
seg_911066,6.31987681444
seg_9122aa,3.9598378177619997
seg_913ffc,3.84705772716
seg_914a62,4.4453373458800005
seg_91596c,6.771037724280001
seg_915b3e,5.24249804088
seg_91607c,5.193337909959999
seg_919a6a,2.859177860166
seg_919c5c,4.74899844808
seg_91bf8c,4.322778680640001
seg_91cff2,3.8759578770220005
seg_91eaeb,5.11399678346
seg_91f512,4.862238485120001
seg_91f664,3.475097518524
seg_91fc29,4.87019844148
seg_920132,7.231038632220001
seg_92092a,4.1684978068600005
seg_922914,6.610718927380001
seg_922990,3.7111375652
seg_92310f,7.41331704266
seg_929ded,3.7519371096599996
seg_92a5f1,3.4268377921999997
seg_92af10,9.99379726418
seg_92b095,3.369417702346
seg_92bd37,3.83523759706
seg_92be9f,6.71547813684
seg_931244,8.32073709364
seg_93211c,10.39897753206
seg_932828,9.454937258920001
seg_934087,4.611118663040001
seg_939f5c,5.18929674792
seg_93d864,5.37879806764
seg_93f935,6.04727614894
seg_941759,10.04047775898
seg_943de0,11.70631721332
seg_944c98,2.765136907784
seg_945bc8,5.178417501566
seg_946d71,12.22453660486
seg_946d9a,4.14201711546
seg_947700,4.6890188535599995
seg_9485c0,4.271357180806
seg_94a133,6.1782780626000005
seg_94aa0a,8.78317750702
seg_94c48c,7.1764370908999995
seg_94d150,4.626658881280001
seg_94d573,10.061737779540001
seg_94ecad,8.004477422032
seg_950048,2.3667770538679997
seg_952faa,3.4632981034480004
seg_95357d,4.52005709552
seg_95644e,4.8392376956200005
seg_957ece,1.010857806148
seg_95b321,2.711638005858
seg_95f45e,6.1891790894
seg_961d02,3.5720576759399996
seg_961ddf,5.15841812652
seg_9626a4,2.150397194384
seg_96642e,5.7472378082399995
seg_966f3d,2.8552173258
seg_967ae4,8.72069802484
seg_96cd5d,5.193337909959999
seg_96dab2,10.37979752954
seg_96db5e,5.93949860436
seg_96fa35,6.621017148999999
seg_970b35,5.931217624019999
seg_970e86,11.223137942460001
seg_974049,4.431958406300001
seg_9757ac,11.3086975434
seg_979a8f,4.047457574522
seg_97a161,6.46525795904
seg_97ad82,7.23215914072
seg_97d9ed,8.69363731052
seg_97e4a9,9.553017149099999
seg_9802c3,5.098637360565999
seg_9825e0,9.839577559420002
seg_983778,7.298378378604001
seg_986976,8.27585671698
seg_986b6e,9.20401745012
seg_9872f9,5.54937731278
seg_988e69,1.5271387379660002
seg_98a819,6.844358284239999
seg_98be13,4.916496983539999
seg_98c0b6,5.57147805282
seg_98c44d,5.64169768322
seg_98c544,4.2773372466
seg_98ebaa,10.899917993079999
seg_98f624,10.228318012310002
seg_9940e8,7.8878964114778
seg_996c37,7.35561734808
seg_99ccbd,4.145737203166
seg_99f677,6.9226974213000005
seg_99f76c,5.43741761518
seg_9a1a4f,4.891818086420001
seg_9a1c76,4.21257696522
seg_9a43ef,10.59851813886
seg_9a6025,5.44099780036
seg_9a74d8,5.22525788814
seg_9a7c46,5.31565753546
seg_9a7d1d,1.36641777696
seg_9a812d,4.4973172066860005
seg_9a81a3,6.530616554540001
seg_9a8a1f,1.09065794545
seg_9a9041,3.80957762494
seg_9a92db,3.6800382593000003
seg_9aa6e2,2.1757969397480004
seg_9ab405,1.3002390747440002
seg_9ad261,3.8828374921599993
seg_9ad925,9.86945772088
seg_9ae1a1,10.323558369
seg_9b0439,5.49205846792
seg_9b44d2,8.040398397922601
seg_9b7ef8,10.52635760212
seg_9b7f93,4.916497090386
seg_9bab11,8.97857741452
seg_9bd388,7.02571776132
seg_9bee43,4.322778680640001
seg_9c00d7,8.48687822386
seg_9c090f,1.75847837395
seg_9c2843,2.6578575239880005
seg_9c3d6a,8.845238737999999
seg_9c3ef8,5.75791795572
seg_9c635d,8.840037747308001
seg_9c6715,3.550436919504
seg_9c8162,8.69287802438
seg_9c8bc8,5.43741761518
seg_9ca72e,4.458437274004
seg_9caf50,10.308238190980001
seg_9cb464,5.10477672174
seg_9d1b26,3.945157878922
seg_9d1dbe,7.73735773902
seg_9d2528,3.95551812732
seg_9d3013,8.1989569686
seg_9d452d,1.7575973621019998
seg_9d57a1,6.786597942520001
seg_9d68cf,5.02587852384
seg_9d6ff0,5.094156549380001
seg_9d7490,5.384558043339999
seg_9d79d4,6.36601756558
seg_9dcae1,8.02379815722
seg_9ddc99,5.438477536620001
seg_9dea8d,6.572917454739999
seg_9df32d,5.102257878740001
seg_9e25e9,4.08311783664
seg_9e3837,4.41469825356
seg_9e61da,1.7391981066900002
seg_9e7dff,2.851518585444
seg_9e8323,4.207457365162
seg_9e8ca4,10.18053790822
seg_9e962b,5.471537646020001
seg_9ee0aa,10.790317516000002
seg_9f042e,7.34039759204
seg_9f12c6,3.7451777183879997
seg_9f22a0,7.32319849072
seg_9f4fd4,9.195197593102
seg_9f57c4,6.564977350679999
seg_9f6315,4.71261782902
seg_9f7542,7.7916183204066005
seg_9fc7c2,5.466157674339999
seg_9fd9b8,4.357637404739999
seg_9fe8b9,5.624797784278001
seg_a00985,4.573778215159999
seg_a009e6,7.07169879534
seg_a03e6a,5.2155979103200005
seg_a05c22,4.46215736214
seg_a06228,7.6741782252999995
seg_a0646a,3.5488768980220002
seg_a0979e,5.797077149640001
seg_a0a423,1.6725569270040002
seg_a11dd5,3.6554168964099993
seg_a12acb,4.1226980373319995
seg_a133bc,5.0103383056
seg_a14212,4.41469825356
seg_a16a1b,3.0086379035540003
seg_a173d8,3.316477232646
seg_a18246,6.94767850514
seg_a1a511,2.6918177333060003
seg_a1acb2,5.219056904546
seg_a1b3cc,5.025878523840001
seg_a1d8da,6.95577748658
seg_a1e5b0,10.85465764132
seg_a1edc1,4.47641778258
seg_a247ac,11.98891791578
seg_a25c46,5.54401786442
seg_a2986f,6.350817783444
seg_a2c108,7.18409765058
seg_a2d47d,5.0258785238399994
seg_a2e2c8,2.5551585319240004
seg_a2fd8b,3.64243758016
seg_a31d6e,6.91265715744
seg_a31fe3,7.97885775922
seg_a35c82,9.825937796599998
seg_a35e7c,8.25957739098
seg_a39ebc,5.426676865479999
seg_a39f3b,6.2268191644
seg_a39fa8,8.871598209588
seg_a3ab46,4.351038425646
seg_a3d4d6,2.2708383085999997
seg_a41c2c,6.543357867500001
seg_a4208a,3.2659966377719996
seg_a420d4,5.17309764932
seg_a436bc,6.996557291690001
seg_a437cb,3.3757373470519996
seg_a45455,4.97947761544
seg_a47cce,6.701037192539999
seg_a489e1,6.340477763160001
seg_a49ccc,2.9869569469600004
seg_a4ad7c,7.52691794648
seg_a4e745,8.02387798256
seg_a50d28,10.109777225439998
seg_a5271e,3.23207717616
seg_a53e4c,5.855797623039999
seg_a543e5,10.007938211159999
seg_a55540,6.9579778442728
seg_a55a17,5.42185739694
seg_a56c04,3.3554180800599993
seg_a58a6e,3.0552188373200004
seg_a5934a,10.4016376581
seg_a5d37f,2.174637943546
seg_a5dea6,13.139897742599999
seg_a5f4dd,4.3638772706
seg_a5fbcc,6.483537500819999
seg_a61e1c,5.140097216586
seg_a63573,7.1931977793
seg_a674d2,6.79443760108
seg_a68007,4.189758308506
seg_a68ffb,6.0775374737
seg_a69246,8.392397686599999
seg_a6959c,8.53525789882
seg_a6bf91,7.846597411120001
seg_a6c5cc,1.9640171930279997
seg_a6cd86,4.6736977342
seg_a6e801,2.235598301266
seg_a6e99c,2.40899732041
seg_a6eed3,4.8232783900800005
seg_a704ee,7.515557073400001
seg_a7561c,4.207457365162
seg_a7b454,4.4348369894
seg_a7d0eb,4.70433779604
seg_a7e49b,6.35013825542
seg_a80123,5.4548575140199995
seg_a802fa,9.08465768868
seg_a80f6f,4.63133777038
seg_a82229,6.661857998619999
seg_a84c13,1.969418388362
seg_a86231,6.945958039759999
seg_a8685e,8.533697503540001
seg_a86a05,7.435497944700001
seg_a87e79,2.94959727436
seg_a88097,7.85441712324
seg_a88dde,9.492517562286
seg_a8bb2f,1.867438248444
seg_a8ddf7,4.354058216
seg_a8e6df,5.294376761560001
seg_a8e71a,5.143117007160001
seg_a9089b,2.236439215746
seg_a91c03,7.949876572959999
seg_a93a88,8.543398483999999
seg_a96b47,5.811497446439999
seg_a975df,5.15863722518
seg_a99161,3.488136609606
seg_a99799,2.223118145342
seg_a99be9,11.078498292579999
seg_a9a820,1.8282381437759998
seg_a9b957,3.3521174766399993
seg_a9f80e,10.34449721878
seg_aa0180,4.368477676825999
seg_aa1adf,5.50715849156
seg_aa508a,1.948197530214
seg_aa78e0,5.13461733576
seg_aa7a4b,7.99887710262
seg_aa98cc,0.28883834113799994
seg_aa9b8e,6.61979860486
seg_aaa2ae,1.9712775912780003
seg_aabc52,9.874837022959998
seg_aae025,11.224738112579999
seg_ab001b,4.42889763526
seg_ab15ad,5.97623740682
seg_ab2a78,3.6927573082419998
seg_ab3f14,8.122537418670001
seg_ab4bca,0.959637730078
seg_ab644e,6.901158429980001
seg_ab70bd,6.877657973619999
seg_ab9654,9.55085710638
seg_aba501,5.14907763256
seg_abaad2,5.4639980588866
seg_abb03a,3.9859574734
seg_abb06a,8.49743798672
seg_abc5fd,8.7042174834
seg_abda04,10.529697941279998
seg_abeca6,9.37521733968
seg_ac45ae,8.23449708274
seg_ac5c61,7.90865833764
seg_ac68bb,2.5396776014399998
seg_ac9de5,2.3928380837480003
seg_acd715,8.5220178471226
seg_acf2f4,8.088537583288
seg_ad3a44,4.203457053559999
seg_ad3cf0,3.3571377203460004
seg_ad591c,8.28835861232
seg_ad759c,3.5505367593399995
seg_ad82ca,8.00737766194
seg_ad949a,4.50585683744
seg_ada42c,4.41469825356
seg_ada81a,11.441997564380001
seg_ade769,5.99761820358
seg_adf94a,2.6694385556399998
seg_adf986,7.51839784494
seg_ae32a6,5.61287843166
seg_ae3388,6.745578571099999
seg_ae3d92,4.704778170680001
seg_ae42b3,12.38257732528
seg_ae9626,2.478478168144
seg_ae9761,11.453517087440002
seg_aec276,9.9794172511
seg_aed434,7.2948775870599984
seg_aee7c0,10.00793821116
seg_aee9bf,5.3541375946
seg_aeeb31,2.047277751154
seg_af1650,2.6909778761599994
seg_af2472,3.9187179652859996
seg_af6204,4.58507811928
seg_af703b,9.9093967193
seg_af959f,8.11391684102
seg_afa4a1,7.599338702360001
seg_afadfb,10.92063830502
seg_afca81,2.530917710352
seg_afd665,3.240698320786
seg_b00f05,9.40101682024
seg_b02e31,7.378778126
seg_b03de5,9.599618055779999
seg_b08e9d,9.409937022700001
seg_b0a794,2.9795179169
seg_b0bf65,4.704758170460001
seg_b0cf32,10.6890784153
seg_b0d251,5.2390981721
seg_b0f9cd,6.88755748718
seg_b108c9,5.258018259120001
seg_b13220,4.344057278999999
seg_b13fb9,6.6239178793799995
seg_b197e2,4.9481171887
seg_b1a35c,10.06285672218
seg_b1b95e,3.60539833878
seg_b1fea8,3.5089769372459996
seg_b20487,11.87811808222
seg_b21273,6.331717592199999
seg_b23489,2.5327579629840002
seg_b253ee,4.04723847542
seg_b25dde,2.0146793012299997
seg_b26368,4.77241684146
seg_b284b2,5.486517113126
seg_b291c0,5.98023856886
seg_b2b29d,6.8408185236866
seg_b2b331,5.24249804088
seg_b2e045,6.105097771359999
seg_b31961,5.579357711160001
seg_b32d1d,4.1756775012
seg_b35174,0.295117441434
seg_b36650,2.60795727906
seg_b36c8a,2.50059725642
seg_b378bc,1.993117188566
seg_b3883e,4.41469825356
seg_b3cf21,5.68109790842
seg_b3d886,4.881817796646001
seg_b402ac,5.744937963099999
seg_b41d3c,4.94819743264
seg_b42170,4.977777681386
seg_b4402d,9.07911840746
seg_b44c2e,6.895737667959999
seg_b47c19,4.5133973343600005
seg_b4c040,4.4302384718
seg_b4cb44,7.031297393689201
seg_b4f7a8,5.66983709644
seg_b50239,2.5524183185759997
seg_b51380,8.292838000660002
seg_b51b7c,5.7331171903
seg_b52710,5.154337974643999
seg_b52add,10.49621728536
seg_b52dac,5.81745743864
seg_b54024,4.99073777598
seg_b568c6,6.62431717482
seg_b57e76,4.7917970398600005
seg_b5804a,5.252057633719999
seg_b58542,5.025878523840001
seg_b5a447,5.438477536620001
seg_b5aee9,4.41469825356
seg_b6254c,4.09411775796
seg_b63de1,2.698798006006
seg_b64c9c,8.724258564140001
seg_b66b87,2.495417755942
seg_b686e5,4.35459865006
seg_b687fc,1.887538567006
seg_b691c5,2.5552572386640002
seg_b69455,10.247018404159999
seg_b695b3,3.69631803082
seg_b6bdaa,9.241818094660001
seg_b6c10d,7.029579006740001
seg_b6cb2b,4.0023974842
seg_b72413,8.25679881564
seg_b735a5,6.11999791616
seg_b77bf5,10.02089771288
seg_b782c7,11.233797778440001
seg_b78883,12.52095828062
seg_b7a8a1,6.202817970669999
seg_b7b098,5.02587852384
seg_b7da0a,3.07453805634
seg_b7eeb6,7.627998808159999
seg_b80358,6.70941877514
seg_b80366,10.582297799100001
seg_b80b89,3.6060979960599995
seg_b8141c,2.70455886026
seg_b853c1,7.61871900014
seg_b853f8,5.433417202559999
seg_b86ce1,5.23271685042
seg_b8725b,3.5073572538219997
seg_b8745c,9.18997715306
seg_b87cf5,10.488957428039999
seg_b88baa,6.8816782851400005
seg_b89218,7.8154770282
seg_b89e47,3.7175979474800003
seg_b8b72f,6.3894174426
seg_b8bb87,8.31403770404
seg_b8fd73,9.474357575259999
seg_b91011,5.51449837196
seg_b917b5,6.925878722440001
seg_b91ae2,5.6727781197
seg_b9361a,3.7606574354860003
seg_b9365c,4.35503755218
seg_b947ae,4.14529694938
seg_b95010,3.4385789141200007
seg_b95a77,8.634917397388
seg_b9619c,4.292777532840001
seg_b9ad7f,4.05255860836
seg_b9bdd7,5.08077768254
seg_b9d8a0,7.24179749782
seg_b9de03,3.573597519746
seg_b9ec4b,4.81579783388
seg_ba0485,8.535417700203
seg_ba1d68,3.4341982674939997
seg_ba2c48,6.7007175081199986
seg_ba3c47,1.5112172695060002
seg_ba3e74,5.415717672440001
seg_ba4ea3,8.859657233239998
seg_ba5e7e,4.41469825356
seg_ba83da,4.293517167106001
seg_ba941e,9.72887715858
seg_ba98dc,4.704758170460001
seg_ba9dbf,2.831857890926
seg_baa745,5.81605862354
seg_bb171f,7.52571828046
seg_bb180c,5.02587852384
seg_bb2d77,4.3045975505
seg_bb5e15,5.4157176724400005
seg_bb6904,1.5079787354980003
seg_bb6fcb,5.51709818418
seg_bb92b1,3.95133780738
seg_bbb01e,6.87935839476
seg_bbbc30,4.372216536286
seg_bbf805,5.31271767128
seg_bbfd4e,7.8154770282
seg_bc07c8,2.02919870704
seg_bc1d67,7.55145685792
seg_bc2186,7.253418186739999
seg_bc437b,11.334576859379998
seg_bca500,6.631557481340001
seg_bcc8f1,6.3109790618199995
seg_bce23c,8.71315743942
seg_bce305,4.82395837652
seg_bcf2d9,5.27209764218
seg_bcf6af,8.56191705362
seg_bcfad6,6.23405823794
seg_bd00c4,3.6962778968400003
seg_bd2b0c,4.44557678152
seg_bd31bf,6.11619782244
seg_bd40f2,9.157777970100001
seg_bd4d30,4.57673838514
seg_bd5022,1.14693685442
seg_bd629b,3.9811370339999996
seg_bd6f5f,11.28573787322
seg_bd7109,4.610137164886
seg_bdae02,7.4022180028
seg_bdf84b,4.30305742712
seg_be0cdc,2.065017596764
seg_be0dfa,5.9690987709600005
seg_be19e2,6.54505771328
seg_be30ce,5.5631975870799995
seg_be4612,8.04503880492
seg_be62ef,9.30459735512
seg_be65f2,2.587657732
seg_be811d,4.4864187193600005
seg_beb650,6.15561676266
seg_beda44,6.23269816024
seg_bee792,6.3926578562000005
seg_bf1294,2.9876573111839995
seg_bf1430,7.012517572499999
seg_bf1a72,4.91691789706
seg_bf2d1f,11.962137972399999
seg_bf4bf2,2.33693835316
seg_bf4ec0,8.083197840039999
seg_bf58ce,9.48349758246
seg_bf7224,2.5208380062459996
seg_bfdd14,2.6856985767120003
seg_bfe0b6,11.720817780740001
seg_bff05e,8.57011784674
seg_bff392,2.3533778496
seg_c01a57,1.331337362642
seg_c01d9a,9.91705727904
seg_c01f63,8.53077702868
seg_c0260d,9.1239776454
seg_c047b7,3.84869866178
seg_c05a7d,9.172717914539998
seg_c07b7c,4.3394383258
seg_c08d36,5.327157132326
seg_c09a41,2.7624771866659996
seg_c0c0ed,6.27163687384
seg_c0d7da,6.05493670862
seg_c0e1b9,4.437538527959999
seg_c0ea9f,5.23517744394
seg_c106ca,5.244158549865999
seg_c10a58,7.645258152800001
seg_c11828,1.395857838074
seg_c11a4f,3.456237264186
seg_c12d7d,6.624637837862599
seg_c146a8,7.866537690060001
seg_c15d21,7.359658408899999
seg_c17817,3.78305743849
seg_c179f8,4.414698253559999
seg_c183e4,2.66895804206
seg_c186dc,4.1446778043
seg_c18d5a,5.60649709508
seg_c1fe9a,3.523396794624
seg_c20a27,4.85971703254
seg_c20c06,4.1414173051839995
seg_c21723,5.02587852384
seg_c21d60,4.790318920440001
seg_c22bd4,12.49939761064
seg_c23429,3.7516172530460006
seg_c23641,5.7871379687
seg_c243a6,2.9570578086859998
seg_c24946,5.43741761518
seg_c25855,10.912238349699999
seg_c267a5,5.828357871986
seg_c26fb4,5.47029724476
seg_c27591,5.237117225546
seg_c2a0c8,4.555497798942
seg_c2b8f7,3.39871777088
seg_c3507f,5.60783831916
seg_c35940,1.275258279674
seg_c365de,1.5768774115580002
seg_c3836b,4.71261782902
seg_c3f672,8.841918169402
seg_c3f8d7,4.21081665382
seg_c41d1d,6.83399770896
seg_c42490,3.7690378227400005
seg_c42952,7.10717772682
seg_c44bbc,3.3112984257200004
seg_c46ce6,3.57661795755
seg_c472cf,10.07725799764
seg_c47bdc,8.948737300660001
seg_c4af54,5.6806577782600005
seg_c5064e,4.0661780408079995
seg_c509ff,4.651178553679999
seg_c522f8,9.4916779041
seg_c5256d,5.34625775954
seg_c52ae6,2.038797809758
seg_c5325c,11.308697543399997
seg_c550b1,9.410397845359999
seg_c565bd,5.750457345139999
seg_c571ef,6.858898334639998
seg_c588c1,9.357036473540001
seg_c58ca5,5.37891688928
seg_c5abaa,4.789976831420001
seg_c5c455,4.18021814118
seg_c5c6ea,6.482458749486
seg_c5dada,2.314077329826
seg_c5dee4,2.1494787132559994
seg_c5f986,5.15841812652
seg_c5fc3b,10.47287647804
seg_c5fc87,5.02587852384
seg_c607eb,2.9059177739280004
seg_c60dca,5.65205698508
seg_c60f1d,4.031598687244
seg_c627fc,11.88241703232
seg_c62a06,3.48083709916
seg_c65135,3.9971368316639997
seg_c654e7,8.817557967980001
seg_c666dd,6.962577089160002
seg_c671f7,6.903058623280001
seg_c6b514,4.3933764505260005
seg_c6c29f,4.2655576154
seg_c6f0a2,4.064757870279999
seg_c6f533,5.193337909959999
seg_c6f9c2,2.40931808068
seg_c703be,7.720158175844
seg_c70fde,6.943097738900001
seg_c714d0,9.815117588380001
seg_c73df6,3.1137375086640002
seg_c747ad,8.7792188254
seg_c747b4,6.05849711642
seg_c7a3bc,3.8465980463
seg_c7a401,3.242677194006
seg_c7a579,6.32067779716
seg_c7b424,8.0390977622
seg_c80857,0.28891818097599997
seg_c81e10,6.607616784220001
seg_c81fec,5.6727781197
seg_c8459f,10.04307804516
seg_c87c24,6.867998009140001
seg_c901c0,6.30009718528
seg_c90be5,10.42485843592
seg_c9201c,3.077117247742
seg_c9481f,5.10055794424
seg_c94941,1.3617982418739998
seg_c9831a,3.154098190286
seg_c9e533,6.27273814884
seg_c9f80a,2.7263571421
seg_ca2d1b,3.71693669748
seg_ca407b,4.79031892044
seg_ca44a8,4.44193684456
seg_ca67ee,4.611118663040001
seg_ca6d70,3.3342578848240003
seg_ca8389,4.0442374717
seg_ca88e3,11.949317879199999
seg_ca9e39,4.921398334734
seg_caa919,4.414698253559999
seg_cacd0a,5.005416968659999
seg_cacd58,4.436657954099999
seg_cb0e21,9.142937667586601
seg_cb806c,5.41049741188
seg_cbcce9,4.8928180459799995
seg_cbfb19,6.047858435620001
seg_cc096e,7.160876564670801
seg_cc2c46,5.35667765882
seg_cc2e9b,5.579357711160001
seg_cc4199,6.796957173409998
seg_cc4932,5.906898087662
seg_cc4950,3.740038250162
seg_cc667b,4.298838194546
seg_cc7a19,4.73773764032
seg_cc7e39,7.217658424680001
seg_ccdc28,4.117478106042
seg_cd0691,1.36839822499
seg_cd2b34,5.2663177397
seg_cd2b53,1.3491971444620001
seg_cd352f,12.0563378706
seg_cd43b4,7.85441712324
seg_cd699e,2.4482379406619996
seg_cd9f9b,5.722438551
seg_cdadb5,11.342456517979999
seg_cdf88e,2.7985962102499995
seg_ce00bb,5.100557944239999
seg_ce46ba,2.35399916082
seg_ce472b,6.6236789265
seg_ce5520,1.948037795414
seg_ce5832,4.862238485120001
seg_ce72e2,4.611118663040001
seg_ce7537,3.237837973242
seg_ce9f59,5.83235784704
seg_cea185,5.196437363539999
seg_ceab44,6.3053377360819995
seg_ceb942,2.56607745194
seg_cec2f2,9.28107789632
seg_cecd29,4.2132778998600005
seg_ced992,1.170256581882
seg_cedf3e,8.2374577033066
seg_cee7d0,9.78601759764
seg_cf0e43,3.85425751298
seg_cf1371,4.01253779086
seg_cf25d2,3.93671709164
seg_cf3825,5.35165776632
seg_cf5764,11.09323739266
seg_cf646e,5.35551701248
seg_cf74e8,1.8490581808239999
seg_cf9a49,5.48169715858
seg_cfed24,3.782377898539999
seg_cff594,1.8666774548279998
seg_d014a3,11.61461898516
seg_d0598e,1.23291745592
seg_d062a6,10.83585814276
seg_d07c62,2.4795977008600003
seg_d07ce8,9.66253863364
seg_d098df,6.560817030620001
seg_d0c280,1.9121575705699996
seg_d0c8e2,3.8939568655259995
seg_d0f262,5.3139572911799995
seg_d0f803,4.10321768538
seg_d1045e,9.0412578801
seg_d11ca8,9.61449790036
seg_d14524,4.564938044019999
seg_d146a6,4.56451800854
seg_d16534,9.89339702384
seg_d19980,7.729497663160001
seg_d1a281,4.331077722706
seg_d1a2b9,4.282317117006
seg_d1a8b3,2.283236964026
seg_d1abaa,9.472237050219999
seg_d1b91e,9.519258100799998
seg_d1ca05,6.741478122982599
seg_d1cb37,9.97305751338
seg_d1eee8,10.186178225028
seg_d1fbb8,9.689716766290799
seg_d21066,4.568236809506
seg_d21eb6,7.352759073500001
seg_d24095,12.474497431680001
seg_d247da,4.70393760016
seg_d2551a,9.143256825860002
seg_d26f7d,9.57383878528
seg_d27193,1.946217766824
seg_d27812,4.699777645659999
seg_d29a4b,2.91607756632
seg_d2a533,5.25483748922
seg_d2ad9a,1.98941875047
seg_d2cb02,4.54113830812
seg_d2db6b,5.67257715506
seg_d2f588,10.9815972794
seg_d30a9d,2.367858103874
seg_d31583,9.0711981161266
seg_d320f5,4.16443799538
seg_d328bb,1.78015755682
seg_d32f71,4.673697734199999
seg_d32f8a,5.44507744064
seg_d35274,4.227637705066
seg_d356ab,5.28889773096
seg_d35e50,4.9243766421
seg_d36055,6.712517417926601
seg_d36342,8.90573731846
seg_d36681,9.21697819202
seg_d36737,3.381257599322
seg_d37b05,6.5102773053859995
seg_d39131,10.73205897612
seg_d398df,7.193378421299999
seg_d3992e,7.944238241070799
seg_d3bb14,4.611118663040001
seg_d3d8fc,3.6671177676860003
seg_d3f6b0,4.811657363484
seg_d3f967,4.08995766678
seg_d40bb2,7.854417123239999
seg_d41daa,7.02831727042
seg_d42c77,7.116437463320001
seg_d44589,6.42809762852
seg_d47aba,5.688517436820001
seg_d4c763,6.32039805086
seg_d4dec8,7.273438124020001
seg_d4ea17,6.235418148239999
seg_d508db,7.477757284499998
seg_d516e3,8.6700578414
seg_d56ae2,10.61529682954
seg_d56d32,6.0964374355666004
seg_d59e4e,3.7841563729599996
seg_d5b100,4.813718797240001
seg_d5d3a1,4.183656702712001
seg_d5dbc1,4.46301884256
seg_d5df41,7.518577382000001
seg_d5f344,3.8410984990399997
seg_d60d18,3.24765753502
seg_d62e9c,1.663956994218
seg_d63175,6.7293390540399995
seg_d661ce,5.493597862740001
seg_d668c0,6.13273880968
seg_d68930,9.714477145
seg_d693b0,9.21769780698
seg_d6b198,3.5543773110220003
seg_d6b386,8.41371738808
seg_d6b546,5.56413760232
seg_d6dad6,4.46225696014
seg_d6ea73,2.5185573958000003
seg_d702b2,6.16561879214
seg_d71352,9.17675727512
seg_d740b2,12.171617306440002
seg_d753f8,1.81905778625
seg_d78093,4.048657532039999
seg_d78e7d,0.588558021326
seg_d795ab,7.505577111319999
seg_d7967e,11.186457038739999
seg_d7a805,6.3883963542019995
seg_d7ab50,3.8598784313199994
seg_d7f015,5.37855758116
seg_d7f53a,3.66591756698
seg_d8014d,3.82311696238
seg_d83890,5.6765376266
seg_d85e2e,5.02587852384
seg_d86eb6,3.82915683698
seg_d88da7,10.062197701399999
seg_d89369,1.90935804905
seg_d90c5f,2.72007679504
seg_d91492,5.551597855540001
seg_d9190c,4.7522379272199995
seg_d9352b,5.642757604879999
seg_d962cc,9.838337546842599
seg_d9750c,5.04161784096
seg_d9a2bb,5.990896802499999
seg_d9b162,5.411576441399999
seg_d9bb68,5.85241896542
seg_d9ce67,2.326337955168
seg_d9d0e4,3.77175718692
seg_d9dab4,7.854417123239999
seg_da21ee,10.331497590919998
seg_da7c3b,9.034198433166
seg_da80c4,4.7498578652892
seg_da8b88,5.76603793996
seg_dab0f9,6.25873772868
seg_dad4f2,7.4981978200000015
seg_db3446,9.21651654628
seg_db3a95,4.099837483306
seg_db3fbe,12.2550974245
seg_db4185,3.79329791444
seg_db606c,9.195318047719999
seg_db694a,2.47977828577
seg_db6d5f,6.53717805472
seg_db90c0,4.15825698338
seg_dbbb44,5.759157756
seg_dbc615,2.3441181595339997
seg_dbf3f2,2.782297154874
seg_dc188b,4.91609752056
seg_dc1cf0,8.805858132320001
seg_dc23c0,8.5390381092
seg_dc4698,2.344718539862
seg_dc5e63,3.9845178260720004
seg_dc6e94,4.6119375722
seg_dc73b8,4.6479374800799995
seg_dc7e0d,3.2925382363080002
seg_dca2c2,7.877817000039999
seg_dcb51d,5.193337909959999
seg_dcbe02,5.49379696162
seg_dcd9df,3.74613782634
seg_dcee28,4.975337672179999
seg_dceeca,4.4553582831
seg_dcf242,5.4480571294599995
seg_dcfb4b,7.85441712324
seg_dd0b11,3.98095720094
seg_dd4594,4.1340576168459995
seg_dd699c,2.42649756419
seg_dd780d,4.743698265499999
seg_dd8805,7.7549769989
seg_ddbadc,7.85441712324
seg_ddc800,8.15039766532
seg_ddd206,8.470977712060002
seg_ddddf0,5.6806577782600005
seg_de225c,11.458858605100001
seg_de3237,7.3862189535666
seg_de3d5e,5.193337909959999
seg_de4e1d,5.6727781197
seg_de8180,2.9326573640000007
seg_de98fa,4.45703821716
seg_de9e32,13.090677550879999
seg_df0df7,8.944616625680002
seg_df352f,3.0951568936999996
seg_df45b0,6.59745785506
seg_df8385,3.44781721454
seg_df8e0a,8.75553794396
seg_df99d4,5.025878523840001
seg_dff078,5.43511713684
seg_e00465,10.591477507700002
seg_e051bc,4.2785970293
seg_e05de2,2.361937685844
seg_e067ab,7.715256889599999
seg_e09301,1.453897928894
seg_e0c329,5.9908968025
seg_e0ce38,11.037518009260001
seg_e0cfd4,6.2526791492000005
seg_e0f296,9.23175827526
seg_e10d3b,10.485177302919999
seg_e13bd8,5.29697835438
seg_e14149,5.9317374932
seg_e1468f,8.970356879779999
seg_e15cb9,7.1532364173800005
seg_e197b8,5.0103383055999995
seg_e1a9e0,9.61007664864
seg_e1daa0,9.289118519599999
seg_e1f045,6.448798082639999
seg_e1f081,11.984756743219998
seg_e20d76,4.9140373659600005
seg_e217fc,3.47959769304
seg_e2209b,4.859017082459999
seg_e24496,12.1716776107
seg_e24f69,4.483057637019999
seg_e256bd,3.3312972695599994
seg_e25aca,3.033098319166
seg_e266f4,7.894357618919999
seg_e27c0a,4.4225779121199995
seg_e29670,5.139477406306
seg_e2b8b1,8.085938112467998
seg_e2c82c,3.2852375522260004
seg_e3005e,3.58887769198
seg_e30e44,3.997877863742
seg_e30ef5,3.3074377938039996
seg_e34052,5.82107703928
seg_e37b8e,7.5442978930999995
seg_e3b1f1,6.755317891419999
seg_e3ca24,9.95293857978
seg_e3cf1a,4.45213833272
seg_e3d751,0.293677642358
seg_e3dafa,10.43697712964
seg_e3e762,11.21237633112
seg_e40348,4.63133777038
seg_e405fe,4.41809812234
seg_e40d64,6.0230571604200005
seg_e41fc9,5.26739801908
seg_e47d2b,2.9378184043
seg_e481c7,6.5773773183
seg_e48c23,7.017679036660001
seg_e49750,5.9588778396599995
seg_e4c15a,4.59391851096
seg_e4f203,4.7540371417400005
seg_e4f403,4.611118663040001
seg_e50f16,10.05729744084
seg_e52f8c,5.727537013539999
seg_e53a52,5.688517436820001
seg_e54932,9.09793706112
seg_e5750a,9.03345729256
seg_e59dca,9.14357725728
seg_e5b510,2.397417522312
seg_e5c033,6.794677449480001
seg_e5deec,5.193337909959999
seg_e5e238,4.632556520663999
seg_e5f9ec,7.029579006740001
seg_e5fbc1,3.708218010574001
seg_e60719,11.075036336299998
seg_e6307f,9.93001815798
seg_e64dfa,8.29999843786
seg_e65e69,5.4745373029060005
seg_e66697,3.7726179873199994
seg_e6b236,9.16247781842
seg_e6bd3f,4.626658881280001
seg_e6c973,9.58275730278
seg_e6e1df,2.3955166674939994
seg_e6e24e,6.1477571041
seg_e71dda,5.55979708074
seg_e72f10,7.20657798462
seg_e742dc,8.2987379433026
seg_e76e6e,3.74119770836
seg_e7ac12,4.8611383609
seg_e7ced6,6.4860774852866
seg_e7d1f8,4.4800580306599995
seg_e7d3e7,6.69317753398
seg_e80726,5.63697773574
seg_e81b50,4.76083664684
seg_e8385f,10.89411769568
seg_e85f55,2.1708383204580004
seg_e86e44,3.983716847651999
seg_e86ed1,9.441697380939999
seg_e86f77,4.63643757322
seg_e877a5,5.0103383056
seg_e8a2c4,3.0721980175200003
seg_e8a4f4,6.05075739836
seg_e8ac98,3.7409978242799995
seg_e8ad6b,5.73555693696
seg_e8b2b3,6.50633671734
seg_e8bcde,5.321057285659999
seg_e8ce6a,2.20915813938
seg_e8d02f,4.0525185850400005
seg_e90c0d,5.42801836846
seg_e92526,5.19137817064
seg_e9272e,6.9278363150399995
seg_e96140,5.9908968025
seg_e98217,5.351657766320001
seg_e9a09f,4.57367753786
seg_e9aa44,8.73131753759
seg_e9df42,11.0396974035
seg_e9e65b,7.0931979865
seg_ea0091,4.564936853960001
seg_ea05c1,9.653457995360002
seg_ea096b,9.800037894679999
seg_ea098b,10.646518226320001
seg_ea4d3a,6.526217594259999
seg_ea78c0,5.86139661114
seg_ea8270,7.347737689520001
seg_ea9d37,3.07621810716
seg_ea9fa4,7.581378259760001
seg_eaa0ec,8.96589704022
seg_eabb2c,7.532377598028001
seg_eacccf,4.611118663040001
seg_ead30e,4.870817212566
seg_eb0b19,7.85441712324
seg_eb1d6e,4.93961683312
seg_eb2e11,6.9920379712
seg_eb32bc,1.9989172825539998
seg_eb47a9,1.77557765673
seg_eb692c,9.9015170607
seg_eb7595,6.462917581499999
seg_eb7f91,4.646977562759999
seg_eba22d,10.62099802258
seg_ebb79f,5.38571715762
seg_ebd77b,6.866158066662599
seg_ebe36c,4.72795894838
seg_ebec3e,2.3397574252639997
seg_ec0e7b,5.77343817396
seg_ec4645,4.2156774842599996
seg_ec73d5,4.273797227739999
seg_ec973c,10.16757888978
seg_eca2eb,5.09731777436
seg_ecaef0,5.757897955719999
seg_eccb17,1.422918674984
seg_ecdca4,5.633838024659999
seg_ecf28d,8.18623673708
seg_ecf81b,7.691639075406601
seg_ed07b0,5.66299756222
seg_ed3e4c,5.373977550979999
seg_ed52ac,8.518117126106599
seg_ed7741,10.65085750662
seg_ed7dee,4.60345810358
seg_ed7f69,2.25517713318
seg_edda79,5.881219038579999
seg_edecaa,5.03049758026
seg_ee1cfc,4.41469825356
seg_ee2781,12.148237423520001
seg_ee4479,3.660097196186
seg_ee4ae5,4.156617299962
seg_ee7224,0.909497656506
seg_ee87e2,5.51699773954
seg_ee8f87,3.9149569802400004
seg_eea20e,9.691917535626601
seg_eebbc2,7.234157710619999
seg_eee89d,3.7506974613639996
seg_eefd4a,2.782297154874
seg_ef24bd,6.247098282546
seg_ef27c8,2.26605792187
seg_ef47c4,6.834818770389999
seg_ef644a,5.49895815372
seg_ef660a,5.788338267708
seg_ef74dc,4.7732578668
seg_ef779d,4.768476847305999
seg_ef9105,9.86237786688
seg_efb639,9.985357344979999
seg_efbf3e,6.690117350540001
seg_efc5fb,10.72623760942
seg_efd9ec,8.6889164531
seg_f003ca,6.29797721896
seg_f01368,5.46747812952
seg_f0181d,5.6727781197
seg_f02d32,4.175837557642
seg_f056d8,5.43741761518
seg_f0574b,5.593616840759999
seg_f073e2,4.265698352804
seg_f0ce4a,5.351657766320001
seg_f0cedb,12.3836573245
seg_f0d278,2.1244973145499997
seg_f0db55,2.847078791126
seg_f11620,4.068697206766
seg_f11f77,6.7531177283999995
seg_f165f6,2.5621380509360003
seg_f19f8e,7.71999906746
seg_f1a771,5.06483675334
seg_f1b916,3.8500184671600004
seg_f1f5b9,1.379637488958
seg_f21a22,4.770998164402
seg_f21bf4,6.93965831278
seg_f22163,8.862577346959998
seg_f229bf,6.5656977345800005
seg_f24292,6.085598213340001
seg_f2750c,6.2842772946
seg_f2a20d,3.032018317686
seg_f2ae5e,5.57467610652
seg_f2b0c5,1.9171371453839998
seg_f2cb5e,2.59825864086
seg_f2f5a3,1.79263716876
seg_f3063a,5.99853791478
seg_f30b2f,7.1052988276999995
seg_f30f0c,6.41269720992
seg_f322b1,7.508896817200001
seg_f342a3,2.743637898178
seg_f34877,6.484317835880001
seg_f383fb,3.301057494386
seg_f3c578,4.354058216
seg_f43730,5.51189793648
seg_f43ab6,1.430439048258
seg_f455bc,10.601838414800001
seg_f46cc1,1.4459172570419998
seg_f48363,5.440597093586
seg_f48db9,4.13625713904
seg_f4ad4b,3.0750168432400002
seg_f4d644,3.33509772875
seg_f52cdc,8.727097630779998
seg_f5406b,5.35953742488
seg_f579ba,2.6294175991
seg_f57ca1,8.31403770404
seg_f59974,10.190677595908
seg_f5a4ee,10.04963688154
seg_f5a6ab,8.40091842416
seg_f5d2dd,9.78601759764
seg_f5e682,4.3902778704220005
seg_f60872,6.829477068739999
seg_f618a8,6.078537754047999
seg_f61b0e,7.527117161919999
seg_f639cd,7.59713757688
seg_f639ec,4.85271740332
seg_f650cc,4.48067719306
seg_f6659e,3.572497622502
seg_f66db1,10.398977532060002
seg_f679c6,7.13979746953
seg_f67ce2,2.4900576035019997
seg_f6828d,1.376637272494
seg_f69c38,2.412956769686
seg_f6a217,2.9378184042999997
seg_f6abc5,10.56371834246
seg_f6b70c,6.3501381392
seg_f6bae8,4.3769176314200005
seg_f6c0cb,4.46155679316
seg_f6c928,6.058478013719999
seg_f6cfd4,7.24039821064
seg_f6d51b,2.21015821484
seg_f6e1ca,4.710897261986
seg_f6e89f,9.52233750458
seg_f6f523,3.722277241006
seg_f6f683,4.3667179027000005
seg_f7050a,5.197536899579999
seg_f70b66,5.57723884534
seg_f71db8,6.611997909139999
seg_f7290f,4.281557304526
seg_f734c8,10.37977770232
seg_f741af,3.093018104214
seg_f77ee5,9.35747821556
seg_f7d792,2.34973791264
seg_f7de40,7.39455744312
seg_f80e44,7.41147784934
seg_f83d28,5.21507727124
seg_f865be,1.4551573908080002
seg_f86c41,5.68851743682
seg_f88d4a,2.512677995098
seg_f8db0a,4.1525588541200005
seg_f8dd7e,8.20657802958
seg_f931de,5.7789772603000005
seg_f93ce5,4.67899791656
seg_f95fd3,7.233377930560001
seg_f96d0e,3.0555180569739995
seg_f96d5a,7.844598466639999
seg_f97274,3.8959378891419996
seg_f99b64,8.18477715588
seg_f9e4f2,6.866158066662599
seg_f9eea3,3.9748778680200005
seg_fa0ac7,5.11907711752
seg_fa34c7,8.59241674992
seg_fa488e,4.39065793394
seg_fa4df0,3.5595777255
seg_fa6383,5.88795744974
seg_fa796b,5.025878523840001
seg_fa9f00,4.706318102326
seg_fad815,3.70049731596
seg_fb00b3,5.547418477988
seg_fb11ba,7.406196706779999
seg_fb1f5c,6.516077922266599
seg_fb4c26,3.2882177242800004
seg_fb74f0,6.93213828712
seg_fb76ca,5.61839769824
seg_fb8af5,4.35927696244
seg_fb9491,3.7244187665600004
seg_fb9b2e,7.169819168880001
seg_fbce13,4.463018842560001
seg_fbd66b,5.46883773326
seg_fbddb9,8.049097598440001
seg_fbe3c2,4.9503567447400005
seg_fbf17a,6.934697763
seg_fbff25,3.2960172835420005
seg_fc407c,4.593957606986
seg_fc57d4,1.6560581385500002
seg_fc8fd6,2.9730182219240007
seg_fcb7d0,11.747616785400002
seg_fcca66,3.6945967239599993
seg_fcd32e,6.542597774059999
seg_fd19b8,6.89797865515
seg_fd374e,4.41469825356
seg_fd6340,5.0103383055999995
seg_fd8add,6.608357660939999
seg_fd9ac1,5.6727781197
seg_fdba93,4.30075750862
seg_fdc1d4,4.6034781038000006
seg_fdd50e,2.242318150554
seg_fde767,6.267917872
seg_fde86d,7.903997582940001
seg_fdff11,2.373258914246
seg_fe2aac,3.4151183315999996
seg_fe5945,4.675497574746
seg_fe70c0,8.20257835086
seg_fe73b1,8.1361782694
seg_fe86f5,6.82467786244
seg_fea3e2,9.340997853308
seg_feb312,10.08411793574
seg_fedbd1,6.5231381695229995
seg_ff0f1b,4.655598039759999
seg_ff1a62,9.598977495719998
seg_ff2f2d,5.41997836334
seg_ff4236,5.55723697156
seg_ff7478,7.62521936504
seg_ff79d9,5.56381749292
seg_ffbd6a,1.4153576381540003
seg_ffe7cc,10.17171782728
